numero;cod_uai
1;0333269Z
2;0061661Y
3;0212108C
4;0341143H
5;0596610P
6;0631383L
7;0932059H
8;0290119X
9;0570140T
10;0310152X
11;0693623N
12;0171435T
13;0751150E
14;0693830E
15;0870997L
16;0133479L
17;0440139M
18;0261324Y
19;0450092F
20;0341267T
21;0442837V
22;T593500B
23;0292125C
24;0010016M
25;0011119L
26;0020032Z
27;0020048S
28;0020049T
29;0020050U
30;0020059D
31;0021964Z
32;0030026M
33;0030038A
34;0030051P
35;0031134S
36;0031082K
37;0050003B
38;0050006E
39;0060001U
40;0060011E
41;0060014H
42;0060020P
43;0060031B
44;0060034E
45;0060033D
46;0060670W
47;0060673Z
48;0060677D
49;0060774J
50;0060793E
51;0060914L
52;0062205P
53;0061478Z
54;0061763J
55;0061817T
56;0061841U
57;0070001N
58;0070003R
59;0071126L
60;0080008R
61;0081047V
62;0081084K
63;0090002D
64;0090015T
65;0100004A
66;0100022V
67;0100025Y
68;0100059K
69;0101037Y
70;0110007Y
71;0110023R
72;0120006S
73;0120870F
74;0120937D
75;0121423G
76;0121471J
77;0130036U
78;0130040Y
79;0130048G
80;0130049H
81;0130050J
82;0130051K
83;0130053M
84;0130143K
85;0131398Z
86;0131402D
87;0131403E
88;0131456M
89;0131596P
90;0131656E
91;0131684K
92;0134015U
93;0133648V
94;0134061U
95;0134017W
96;0132210G
97;0132410Z
98;0132733A
99;0133288D
100;0133502L
101;0133525L
102;0140014P
103;0140017T
104;0141112H
105;0141175B
106;0141178E
107;0141234R
108;0141274J
109;0141275K
110;0141408E
111;0141687H
112;0141796B
113;0141872J
114;0142059M
115;0142131R
116;0142132S
117;0142218K
118;0150006A
119;0160003S
120;0160004T
121;0160079Z
122;0160083D
123;0170020E
124;0170022G
125;0170087C
126;0170135E
127;0171405K
128;0171418Z
129;0171455P
130;0171463Y
131;0180007K
132;0180036S
133;0180561M
134;0180571Y
135;0180584M
136;0190010H
137;0190018S
138;0190032G
139;0190087S
140;0190609J
141;0190624A
142;0190862J
143;0195014X
144;0210015C
145;0210018F
146;0210019G
147;0210036A
148;0210047M
149;0211033J
150;0211090W
151;0211091X
152;0211237F
153;0211986V
154;0220027K
155;0220060W
156;0220094H
157;0220097L
158;0220116G
159;0220470S
160;0221033D
161;0221036G
162;0221593M
163;0240023V
164;0240026Y
165;0241092G
166;0241279K
167;0250007X
168;0250008Y
169;0250010A
170;0250011B
171;0251994G
172;0251018W
173;0251028G
174;0251215K
175;0260074P
176;0260113G
177;0260998U
178;0261372A
179;0271053Y
180;0271431J
181;0271582Y
182;0271666P
183;0280019U
184;0281047L
185;0281056W
186;0281077U
187;0290007A
188;0290012F
189;0290051Y
190;0290063L
191;0290069T
192;0290070U
193;0290098Z
194;0290186V
195;0290334F
196;0290335G
197;0290338K
198;0290346U
199;0291208F
200;0290168A
201;0300002P
202;0300021K
203;0300026R
204;0300027S
205;0300077W
206;0300080Z
207;0300127A
208;0300139N
209;0300930Y
210;0301654K
211;0301687W
212;0310024H
213;0310036W
214;0310038Y
215;0310039Z
216;0310040A
217;0310047H
218;0310057U
219;0310155A
220;0311086M
221;0311177L
222;0311186W
223;0311201M
224;0311262D
225;0311270M
226;0311323V
227;0311382J
228;0311383K
229;0311384L
230;0311713U
231;0312061X
232;0312267W
233;0312289V
234;0312354R
235;0312759F
236;0312822Z
237;0320067Z
238;0320691C
239;0330021U
240;0330023W
241;0330027A
242;0330028B
243;0330029C
244;0333357V
245;0331556M
246;0331591A
247;0333298F
248;0331766R
249;0332468D
250;0332473J
251;0332913M
252;0333358W
253;0340011C
254;0340038G
255;0340040J
256;0340132J
257;0340838B
258;0340920R
259;0341089Z
260;0341470N
261;0342066L
262;0350011X
263;0350028R
264;0350029S
265;0350030T
266;0350042F
267;0350697T
268;0350700W
269;0350710G
270;0350774B
271;0350795Z
272;0350797B
273;0350808N
274;0350936C
275;0350937D
276;0221852U
277;0351047Y
278;0352009U
279;0352072M
280;0352379W
281;0360768P
282;0360775X
283;0360778A
284;0370037P
285;0370038R
286;0370748M
287;0370749N
288;0370770L
289;0370781Y
290;0370800U
291;0370881G
292;0371418R
293;0380029A
294;0380033E
295;0380034F
296;0380035G
297;0380081G
298;0380083J
299;0380091T
300;0380092U
301;0381516S
302;0381678T
303;0381775Y
304;0383546Y
305;0381886U
306;0383208F
307;0382371W
308;0382440W
309;0382780R
310;0382863F
311;0382895R
312;0390019J
313;0390029V
314;0390033Z
315;0390091M
316;0391146J
317;0400007R
318;0400750Y
319;0401002X
320;0401016M
321;0410001D
322;0410018X
323;0410981U
324;0420033H
325;0420041S
326;0420042T
327;0420043U
328;0420046X
329;0420957M
330;0420974F
331;0421090G
332;0421095M
333;0421976V
334;0422152L
335;0430021P
336;0430055B
337;0430098Y
338;0430112N
339;0430951A
340;0440012Z
341;0440021J
342;0440024M
343;0440030U
344;0442765S
345;0440062D
346;0440069L
347;0440172Y
348;0440178E
349;0440246D
350;0442774B
351;0442725Y
352;0440288Z
353;0440980B
354;0440982D
355;0442953W
356;0441653H
357;0441656L
358;0441782Y
359;0441946B
360;0441993C
361;0442061B
362;0442095N
363;0442124V
364;0442227G
365;0450040Z
366;0450049J
367;0450050K
368;0450066C
369;0450094H
370;0460007H
371;0460028F
372;0460493L
373;0470003Y
374;0470020S
375;0470927C
376;0480009Z
377;0480657D
378;0480688M
379;0490018D
380;0490073N
381;0490769V
382;0492191R
383;0490886X
384;0492406Z
385;0490904S
386;0490946M
387;0490970N
388;0491027A
389;0492061Z
390;0492089E
391;0492123S
392;0492180D
393;0500060U
394;0500087Y
395;0500112A
396;0501744Z
397;0501828R
398;0501850P
399;0501893L
400;0510007F
401;0510034K
402;0510035L
403;0511026N
404;0511145T
405;0511146U
406;0511296G
407;0511645L
408;0511951U
409;0520727H
410;0520844K
411;0521032P
412;0530012A
413;0530068L
414;0530079Y
415;0530951W
416;0530959E
417;0540040A
418;0540042C
419;0540058V
420;0540066D
421;0540076P
422;0541205S
423;0541207U
424;0541270M
425;0541324W
426;0542493S
427;0542208G
428;0542262R
429;0542408Z
430;0550002D
431;0550025D
432;0550752U
433;0560025Y
434;0560038M
435;0560117Y
436;0560181T
437;0560182U
438;0560858D
439;0560861G
440;0561363C
441;0561718N
442;0561739L
443;0561808L
444;0570030Y
445;0570057C
446;0570058D
447;0570086J
448;0570175F
449;0570210U
450;0570311D
451;0572022N
452;0572081C
453;0573227Y
454;0573281G
455;0573433X
456;0573435Z
457;0580031U
458;0580032V
459;0580055V
460;0580071M
461;0580552K
462;0580582T
463;0580761M
464;0590011S
465;0590018Z
466;0590034S
467;0590035T
468;0590042A
469;0590063Y
470;0590064Z
471;0590071G
472;0590073J
473;0590101P
474;0590119J
475;0590121L
476;0590122M
477;0590184E
478;0590185F
479;0590221V
480;0590258K
481;0597215X
482;0592928M
483;0592969G
484;0593007Y
485;0593052X
486;0593061G
487;0593071T
488;0593136N
489;0593255T
490;0593257V
491;0597132G
492;0597065J
493;0594365Z
494;0594424N
495;0595786U
496;0595809U
497;0596183A
498;0600021X
499;0601700X
500;0601826J
501;0601863Z
502;0601983E
503;0610002W
504;0610692W
505;0610694Y
506;0610698C
507;0610790C
508;0620006V
509;0624430D
510;0620011A
511;0620042J
512;0620052V
513;0620062F
514;0620063G
515;0620095S
516;0620120U
517;0620161N
518;0620166U
519;0620215X
520;0620256S
521;0620257T
522;0622114L
523;0622196A
524;0622198C
525;0622238W
526;0622276M
527;0622803K
528;0622949U
529;0623218L
530;0623277A
531;0623902E
532;0623911P
533;0623915U
534;0623920Z
535;0623957P
536;0623981R
537;0623985V
538;0624141P
539;0630020E
540;0630021F
541;0630052P
542;0630069H
543;0630077S
544;0632085Z
545;0632084Y
546;0631985R
547;0640001D
548;0640010N
549;0640044A
550;0640055M
551;0640057P
552;0640111Y
553;0640137B
554;0640251A
555;0641441U
556;0641545G
557;0642126N
558;0641842E
559;0641919I
560;0642131U
561;0650025Z
562;0650026A
563;0650027B
564;0650065T
565;0650139Y
566;0660010C
567;0660021P
568;0660059F
569;0660077A
570;0660437S
571;0660699B
572;0660809W
573;0670020H
574;0670041F
575;0670057Y
576;0670084C
577;0670085D
578;0670087F
579;0671509B
580;0671557D
581;0671636P
582;0671639T
583;0672050P
584;0672198A
585;0672834S
586;0673021V
587;0680001G
588;0680031P
589;0680053N
590;0680066C
591;0680151V
592;0680169P
593;0681166Y
594;0681768C
595;0681801N
596;0690026D
597;0690046A
598;0690029G
599;0690032K
600;0690037R
601;0690038S
602;0690040U
603;0690074F
604;0690082P
605;0690128P
606;0690195M
607;0690274Y
608;0690520R
609;0690521S
610;0690522T
611;0690574Z
612;0690539L
613;0690563M
614;0690564N
615;0690646C
616;0690671E
617;0691678Z
618;0691774D
619;0691860X
620;0692437Z
621;0692866R
622;0693330V
623;0693478F
624;0693521C
625;0700009E
626;0700905D
627;0701052N
628;0710010A
629;0710023P
630;0710042K
631;0710045N
632;0710048S
633;0711137A
634;0711372F
635;0711690B
636;0711775U
637;0711896A
638;0720029R
639;0720033V
640;0721684P
641;0720916E
642;0721094Y
643;0721381K
644;0730003G
645;0730016W
646;0730760E
647;0730763H
648;0730813M
649;0730858L
650;0731248K
651;0731392S
652;0731487V
653;0740005D
654;0740006E
655;0740017S
656;0740046Y
657;0740051D
658;0740082M
659;0741101V
660;0741133E
661;0741418P
662;0741476C
663;0750463W
664;0750647W
665;0750650Z
666;0750654D
667;0750660K
668;0750663N
669;0750667T
670;0750671X
671;0750674A
672;0750677D
673;0750680G
674;0750685M
675;0750686N
676;0750688R
677;0750691U
678;0750692V
679;0750696Z
680;0750697A
681;0750698B
682;0750699C
683;0750707L
684;0750710P
685;0750712S
686;0750715V
687;0751708Z
688;0751717J
689;0751719L
690;0751720M
691;0755976N
692;0751875F
693;0752139T
694;0753268V
695;0753488J
696;0753537M
697;0753541S
698;0753840S
699;0754016H
700;0754029X
701;0754030Y
702;0754042L
703;0754086J
704;0754247J
705;0754475G
706;0754666P
707;0760005T
708;0760029U
709;0760030V
710;0760032X
711;0760052U
712;0760054W
713;0760056Y
714;0760091L
715;0760110G
716;0760169W
717;0760170X
718;0761315S
719;0761688X
720;0761719F
721;0761904G
722;0763111U
723;0762765T
724;0762879S
725;0762880T
726;0762964J
727;0763096C
728;0763237F
729;0770918E
730;0770920G
731;0770922J
732;0770931U
733;0770933W
734;0770934X
735;0770938B
736;0771171E
737;0771436T
738;0771658J
739;0771940R
740;0771996B
741;0772120L
742;0772153X
743;0772188K
744;0772229E
745;0772276F
746;0772292Y
747;0772310T
748;0772312V
749;0772346G
750;0772347H
751;0772894C
752;0780422K
753;0781512V
754;0781898P
755;0782075G
756;0781945R
757;0781944P
758;0782117C
759;0782539L
760;0782549X
761;0782557F
762;0782562L
763;0782565P
764;0782567S
765;0782924E
766;0783053V
767;0783344L
768;0790007D
769;0790036K
770;0791062A
771;0791090F
772;0791171U
773;0800009A
774;0800011C
775;0801207C
776;0801209E
777;0801265R
778;0801272Y
779;0801327H
780;0801344B
781;0801479Y
782;0801613U
783;0801700N
784;0801853E
785;0801864S
786;0801882L
787;0810004P
788;0810006S
789;0810121S
790;0810959C
791;0811199N
792;0811293R
793;0811324Z
794;0820021C
795;0830050D
796;0830053G
797;0830165D
798;0830766G
799;0830923C
800;0831243A
801;0831407D
802;0831485N
803;0831616F
804;0840003X
805;0840004Y
806;0840017M
807;0840021S
808;0840059H
809;0840072X
810;0840685N
811;0840940R
812;0850076W
813;0850086G
814;0850130E
815;0850142T
816;0851344Z
817;0851390Z
818;0851401L
819;0851415B
820;0851457X
821;0860005N
822;0860035W
823;0860703X
824;0860774Z
825;0860789R
826;0861228T
827;0870019Y
828;0870040W
829;0870056N
830;0870118F
831;0870125N
832;0870581J
833;0870669E
834;0871030X
835;0880019T
836;0880021V
837;0880040R
838;0880152M
839;0881070K
840;0881711G
841;0890032B
842;0890045R
843;0890819G
844;0900004R
845;0900029T
846;0900030U
847;0900231M
848;0910620E
849;0910622G
850;0910626L
851;0910627M
852;0910727W
853;0910808J
854;0910975R
855;0912409Z
856;0911251R
857;0911264E
858;0911946W
859;0911975C
860;0912142J
861;0912169N
862;0920134W
863;0920136Y
864;0920137Z
865;0920142E
866;0920144G
867;0920145H
868;0920146J
869;0920147K
870;0920149M
871;0920875B
872;0920928J
873;0920956P
874;0921204J
875;0921230M
876;0912412C
877;0921484N
878;0921594H
879;0922671D
880;0930117X
881;0930118Y
882;0930119Z
883;0930120A
884;0930121B
885;0930122C
886;0930125F
887;0930830X
888;0931002J
889;0931026K
890;0931238R
891;0931272C
892;0931391G
893;0931430Z
894;0931585T
895;0932126F
896;0932214B
897;0932270M
898;0940580V
899;0940114N
900;0940120V
901;0940122X
902;0940124Z
903;0940129E
904;0940138P
905;0940585A
906;0940821G
907;0940822H
908;0941111X
909;0941288P
910;0941294W
911;0941347D
912;0942354Y
913;0941972H
914;0942072S
915;0950641F
916;0952196W
917;0950645K
918;0950649P
919;0950650R
920;0950666H
921;0950947N
922;0951104J
923;0951637N
924;0951728M
925;0951750L
926;0951756T
927;0952260R
928;0951922Y
929;0951946Z
930;6200002H
931;7200011Z
932;7200073S
933;7200117P
934;7200583W
935;7200664J
936;9710002A
937;9710003B
938;9720002V
939;9720003W
940;9720004X
941;9720005Y
942;9720615L
943;9720695Y
944;9720823M
945;9730001N
946;9730186P
947;9730429D
948;9740001H
949;9740002J
950;9740019C
951;9740045F
952;9740054R
953;9740478B
954;9740597F
955;9740979W
956;9741046U
957;9741180P
958;9741186W
959;9741204R
960;9741206T
961;9741231V
962;9840268U
963;9840349G
964;9840386X
965;0450932U
966;0711648F
967;0011402U
968;0190805X
969;0650948C
970;6200001G
971;0342225J
972;0342321N
973;0596162C
974;0592806E
975;0592808G
976;0134016V
977;9720424D
978;0450782F
979;0320015T
980;0631070W
981;0922149L
982;0951673C
983;0130063Y
984;0750788Z
985;9730371R
986;6200003J
987;0831207L
988;9720070U
989;0592965C
990;0690200T
991;9760182U
992;9760163Y
993;0330060L
994;9760358K
995;0442752C
996;0740009H
997;0342091N
998;0770945J
999;0340042L
1000;0070071P
1001;0492407A
1002;0851346B
1003;0340009A
1004;0820899G
1005;0511884W
1006;0595872M
1007;0170028N
1008;0771357G
1009;0210056X
1010;0240079F
1011;0660552S
1012;0690093B
1013;0750711R
1014;0330142A
1015;0870864S
1016;0251821U
1017;0540030P
1018;9840465H
1019;0931827F
1020;0672877N
1021;9740472V
1022;0762762P
1023;0595964M
1024;0850609A
1025;0280967Z
1026;9741060J
1027;0440001M
1028;0490840X
1029;9740679V
1030;0861408N
1031;0910715H
1032;0090003E
1033;0060038J
1034;0131391S
1035;0680034T
1036;0311219G
1037;0573770N
1038;0512004B
1039;0190071Z
1040;0624139M
1041;0261505V
1042;9710993C
1043;9730309Y
1044;0891222V
1045;0572341K
1046;0341521U
1047;0332194F
1048;0851642Y
1049;0772910V
1050;0811105L
1051;0492433D
1052;0221844K
1053;0442777E
1054;0371099U
1055;0593117T
1056;0760035A
1057;0760090K
1058;0450759F
1059;0451335G
1060;0120096P
1061;0782540M
1062;0620109G
1063;0240006B
1064;0701035V
1065;0594278E
1066;0931796X
1067;9740737H
1068;0290105G
1069;0751718K
1070;0951310H
1071;0720048L
1072;0540082W
1073;0731383G
1074;0441823T
1075;0332881C
1076;0220065B
1077;9840394F
1078;0382838D
1079;0100684P
1080;0610026X
1081;0300125Y
1082;0751710B
1083;0422160V
1084;9840482B
1085;0900024M
1086;9840001D
1087;0400097N
1088;0300041G
1089;0371558T
1090;0542017Z
1091;0692984U
1092;0382669V
1093;9720832X
1094;9711151Z
1095;0782076H
1096;0400027M
1097;0891200W
1098;0781984H
1099;0560008E
1100;0593104D
1101;0500002F
1102;9711252J
1103;9710052E
1104;0410017W
1105;0370878D
1106;0601194X
1107;0772225A
1108;0540081V
1109;0590065A
1110;0340076Y
1111;0260015A
1112;0310053P
1113;0320030J
1114;0771027Y
1115;0690092A
1116;9720692V
1117;0133314G
1118;0932074Z
1119;0650014M
1120;0672615D
1121;0450051L
1122;0300950V
1123;0370728R
1124;0830058M
1125;0911254U
1126;0512181U
1127;0133661J
1128;0860856N
1129;0271319M
1130;0190011J
1131;0381629P
1132;0861273S
1133;0596953M
1134;0932667U
1135;0250013D
1136;0301577B
1137;0320025D
1138;0810012Y
1139;0161138A
1140;0220059V
1141;0750708M
1142;9710690Y
1143;0492259P
1144;0510075E
1145;0670141P
1146;0590302H
1147;0442448X
1148;0921619K
1149;0180923F
1150;0340099Y
1151;0341794R
1152;0390024P
1153;0150047V
1154;0710001R
1155;0460038S
1156;0310088C
1157;0811341T
1158;0480022N
1159;0230025C
1160;0750558Z
1161;0753844W
1162;0750681H
1163;0750612H
1164;0080047H
1165;0071445H
1166;0932116V
1167;0750672Y
1168;0690698J
1169;0341736C
1170;0251671F
1171;0932119Y
1172;0161003D
1173;0280864M
1174;0011118K
1175;0781883Y
1176;0420049A
1177;0750770E
1178;0573434Y
1179;9741620T
1180;0142182W
1181;0333415H
1182;0941934S
1183;0590347G
1184;0022134J
1185;9730421V
1186;0133334D
1187;0132930P
1188;0491793H
1189;0492371L
1190;0530878S
1191;0941775U
1192;0021868V
1193;0021888S
1194;0211472L
1195;0251555E
1196;0251582J
1197;0390988M
1198;0071394C
1199;0382664P
1200;0382852U
1201;0741333X
1202;0623133U
1203;0623136X
1204;0623137Y
1205;0594899E
1206;0594901G
1207;0595523H
1208;0230522T
1209;0382666S
1210;0690199S
1211;0692522S
1212;0692523T
1213;0692589P
1214;0692987X
1215;0692988Y
1216;0110816C
1217;0301236F
1218;0341336T
1219;0572696W
1220;0881509M
1221;0441623A
1222;0442569D
1223;0851609M
1224;0161051F
1225;0171325Y
1226;0791009T
1227;0762638E
1228;0762641H
1229;0071301B
1230;0421574H
1231;0421820A
1232;0672867C
1233;0681689S
1234;0810974U
1235;0820752X
1236;0180808F
1237;0451146B
1238;0451147C
1239;0771990V
1240;0942117R
1241;0941777W
1242;0951575W
1243;0780548X
1244;9741380G
1245;0561486L
1246;0350098S
1247;0561414H
1248;0291541T
1249;0450855K
1250;9730336C
1251;0754784T
1252;0632001H
1253;0031121C
1254;0624064F
1255;0442101V
1256;0851637T
1257;0313004X
1258;0820822Y
1259;0133383G
1260;0211053F
1261;0753696K
1262;0754791A
1263;0754696X
1264;0161095D
1265;0311876W
1266;0870004G
1267;0690642Y
1268;0240999F
1269;0400829J
1270;0470801R
1271;0641460P
1272;0130059U
1273;0170025K
1274;0542448T
1275;0440029T
1276;0851400K
1277;0790038M
1278;0331498Z
1279;0261286G
1280;0763500S
1281;0442085C
1282;0180025E
1283;0062089N
1284;0755900F
1285;0381603L
1286;0592608P
1287;0631861F
1288;0420093Y
1289;0693177D
1290;0590345E
1291;0772797X
1292;0442185L
1293;0594391C
1294;0420013L
1295;0690281F
1296;0530013B
1297;0492432C
1298;0241199Y
1299;0251746M
1300;0931235M
1301;0301631K
1302;0330207W
1303;0341728U
1304;0370074E
1305;9741278W
1306;0422128K
1307;0951982N
1308;0471036W
1309;0511556P
1310;0541253U
1311;0912154X
1312;0860740M
1313;0611270Z
1314;0841091E
1315;0030925P
1316;0640176U
1317;0772692H
1318;0221739W
1319;0762733H
1320;0641927X
1321;0754908C
1322;0681847N
1323;0630022G
1324;0593034C
1325;0622199D
1326;0950709E
1327;0782556E
1328;0022108F
1329;0595856V
1330;0950656X
1331;0690651H
1332;0133944S
1333;0171623X
1334;0512115X
1335;0542260N
1336;0597098V
1337;9730094P
1338;0710100Y
1339;0311870P
1340;0011438H
1341;0762646N
1342;0501700B
1343;0762637D
1344;0700038L
1345;1380022Z
1346;0932755P
1347;0311877X
1348;0753605L
1349;0694373D
1350;0350032V
1351;0410959V
1352;1320021F
1353;0750736T
1354;0130221V
1355;0831458J
1356;0692353H
1357;0330192E
1358;0370987X
1359;0861441Z
1360;0691503J
1361;0782019W
1362;0492062A
1363;0762642J
1364;0271869K
1365;0142124H
1366;0922369A
1367;0752792C
1368;0061715G
1369;0510088U
1370;0922593U
1371;0951266K
1372;0801367B
1373;0593655C
1374;0754585B
1375;0753184D
1376;0922296W
1377;0611269Y
1378;0673015N
1379;0840985P
1380;7200709H
1381;0130239P
1382;0755188G
1383;0693448Y
1384;0597160M
1385;0740148J
1386;0860986E
1387;9760206V
1388;0291660X
1389;0772817U
1390;0061005K
1391;0932616N
1392;0134315V
1393;0624237U
1394;0241131Z
1395;0783676X
1396;0170027M
1397;9710585J
1398;0221886F
1399;0492137G
1400;0313000T
1401;0601223H
1402;0470926B
1403;0050607H
1404;0441513F
1405;0371082A
1406;0351576Y
1407;0290128G
1408;0541671Y
1409;0755113A
1410;0341150R
1411;0110986M
1412;0421573G
1413;0470947Z
1414;0762047M
1415;0142409T
1416;0932268K
1417;0060043P
1418;0763470J
1419;0011329P
1420;0134316W
1421;0753533H
1422;0692185A
1423;0912418J
1424;9711015B
1425;0840218F
1426;0690553B
1427;0490077T
1428;0597140R
1429;0753400N
1430;0062197F
1431;9760127J
1432;0750778N
1433;0690696G
1434;9710991A
1435;0340028W
1436;0763409T
1437;0312746S
1438;0520032C
1439;0921592F
1440;0781949V
1441;0763400H
1442;0941890U
1443;0740276Y
1444;0755890V
1445;0441916U
1446;0310153Y
1447;0333479C
1448;0690519P
1449;0333481E
1450;9741255W
1451;0490072M
1452;0542407Y
1453;0130039X
1454;0800010B
1455;0770930T
1456;0593114P
1457;0690023A
1458;0570054Z
1459;0491966W
1460;0490002L
1461;0060030A
1462;0760096S
1463;0750655E
1464;0750656F
1465;0100023W
1466;0920143F
1467;0920130S
1468;0782563M
1469;0753897D
1470;0510031G
1471;0630018C
1472;0540038Y
1473;0783351U
1474;0750704H
1475;0331503E
1476;0690028F
1477;0670080Y
1478;0592940A
1479;0260035X
1480;0440161L
1481;0131319N
1482;0693180G
1483;0791199Z
1484;0190034J
1485;0861460V
1486;0922007G
1487;0942381C
1488;0750658H
1489;0753873C
1490;0333016Z
1491;0831242Z
1492;0693453D
1493;0741787R
1494;0711064W
1495;0720896H
1496;3500005D
1497;0753431X
1498;0360024F
1499;0782546U
1500;0752845K
1501;0580779G
1502;0350092K
1503;0580020G
1504;0442276K
1505;0440112H
1506;0222048G
1507;0755237K
1508;0630109B
1509;0371790V
1510;0922761B
1511;0132828D
1512;0332344U
1513;0340857X
1514;0342380C
1515;0810095N
1516;0460039T
1517;0221866J
1518;0133244F
1519;0763534D
1520;0920164D
1521;0560198L
1522;0754530S
1523;0132246A
1524;0492246A
1525;0530939H
1526;0751722P
1527;0352824E
1528;0597165T
1529;0692198P
1530;0691775E
1531;9741263E
1532;0741586X
1533;0133794D
1534;0251763F
1535;0851689Z
1536;0831764S
1537;0753620C
1538;0753471R
1539;2430006L
1540;0331882S
1541;0422311J
1542;0670482E
1543;0211139Z
1544;0593395V
1545;0492360Z
1546;0760167U
1547;0211384R
1548;0251672G
1549;0222032P
1550;0680161F
1551;0520033D
1552;0754566F
1553;9760370Y
1554;0560051B
1555;0860038Z
1556;0632091F
1557;9840481A
1558;0561992L
1559;0420942W
1560;0542519V
1561;0640049F
1562;0400002K
1563;0672462M
1564;0332298U
1565;0511913C
1566;0783811U
1567;0673149J
1568;0511147V
1569;0590044C
1570;0310098N
1571;0160048R
1572;0250067M
1573;0760174B
1574;0442770X
1575;0831354W
1576;9740043D
1577;0756303U
1578;0610014J
1579;0694123G
1580;0310136E
1581;9720643S
1582;0383514N
1583;0694404M
1584;0320751T
1585;9720948Y
1586;0741410F
1587;0121516H
1588;0754239A
1589;0781975Y
1590;0451721B
1591;0710087J
1592;0673172J
1593;0333558N
1594;0383098L
1595;0542391F
1596;0212198A
1597;0382881A
1598;0580766T
1599;0595868H
1600;0693550J
1601;0741510P
1602;0782104N
1603;0410979S
1604;0670190T
1605;0600075R
1606;0783664J
1607;0530997W
1608;0010001W
1609;0492226D
1610;9741394X
1611;0061643D
1612;0442311Y
1613;0312839T
1614;0650583F
1615;0942193Y
1616;T942095L
1617;T942095T
1618;0694333K
1619;0010070W
1620;0010072Y
1621;0011194T
1622;0011312W
1623;0020012C
1624;0020034B
1625;0021522U
1626;0021818R
1627;0021869W
1628;0021873A
1629;0021939X
1630;0021958T
1631;0030935A
1632;0050604E
1633;0060029Z
1634;0060042N
1635;0060075Z
1636;0061691F
1637;0061887U
1638;0071125K
1639;0080045F
1640;0080804F
1641;0080863V
1642;0081149F
1643;0090013R
1644;0090022A
1645;0100015M
1646;0101016A
1647;0110004V
1648;0110012D
1649;0110045P
1650;0110669T
1651;0110983J
1652;0111024D
1653;0120024L
1654;0120621K
1655;0130002G
1656;0130011S
1657;0130037V
1658;0131339K
1659;0131690S
1660;0134319Z
1661;0132010P
1662;0132974M
1663;0133015G
1664;0133686L
1665;0140013N
1666;0140043W
1667;0140052F
1668;0141555P
1669;0142108R
1670;0142133T
1671;0160020K
1672;0160022M
1673;0160980D
1674;0161125L
1675;0170051N
1676;0170058W
1677;0170100S
1678;0170145R
1679;0180008L
1680;0190012K
1681;0190244M
1682;0190855B
1683;0211089V
1684;0211173L
1685;0220013V
1686;0220023F
1687;0220056S
1688;0220057T
1689;0220058U
1690;0221712S
1691;0221848P
1692;0230018V
1693;0230020X
1694;0230030H
1695;0240005A
1696;0240024W
1697;0240025X
1698;0240035H
1699;0240092V
1700;0250030X
1701;0250043L
1702;0251021Z
1703;0251480Y
1704;0251711Z
1705;0260008T
1706;0260023J
1707;0260072M
1708;0260791U
1709;0261357J
1710;0270003G
1711;0270016W
1712;0270017X
1713;0270026G
1714;0270044B
1715;0271282X
1716;0271382F
1717;0271634E
1718;0280007F
1719;0280044W
1720;0290008B
1721;0290018M
1722;0290044R
1723;0290071V
1724;0290108K
1725;0290126E
1726;0290170C
1727;0290177K
1728;0290181P
1729;0290184T
1730;0290341N
1731;0290352A
1732;0300023M
1733;0300112J
1734;0301552Z
1735;0301778V
1736;0310028M
1737;0310044E
1738;0310046G
1739;0311213A
1740;0311902Z
1741;0312408Z
1742;0320039U
1743;0330088S
1744;0330089T
1745;0330126H
1746;0330135T
1747;0331420P
1748;0331590Z
1749;0332747G
1750;0332832Z
1751;0340030Y
1752;0340043M
1753;0340128E
1754;0340881Y
1755;0341523W
1756;0341884N
1757;0341921D
1758;0350005R
1759;0350022J
1760;0350048M
1761;0350053T
1762;0350089G
1763;0350793X
1764;0351907H
1765;0360009P
1766;0360043B
1767;0360686A
1768;0370009J
1769;0370039S
1770;0371417P
1771;0380018N
1772;0380027Y
1773;0380089R
1774;0381513N
1775;0381516T
1776;0381819W
1777;0382099A
1778;0382938M
1779;0383120K
1780;0390013C
1781;0390070P
1782;0390786T
1783;0391092A
1784;0400067F
1785;0410693F
1786;0410970G
1787;0420027B
1788;0420979L
1789;0421807L
1790;0422048Y
1791;0431000D
1792;0440005S
1793;0440086E
1794;0440119R
1795;0440151A
1796;0442699V
1797;0441032H
1798;0441552Y
1799;0442094M
1800;0450029M
1801;0450042B
1802;0450064A
1803;0450106W
1804;0450758E
1805;0470060K
1806;0470662P
1807;0480025S
1808;0480680D
1809;0490003M
1810;0490055U
1811;0490782J
1812;0490838V
1813;0492420P
1814;0492015Z
1815;0492113F
1816;0492224B
1817;0492298G
1818;0500017X
1819;0501213X
1820;0501219D
1821;0510062R
1822;0511196Y
1823;0511219Y
1824;0511430C
1825;0511565Z
1826;0511901P
1827;0520021R
1828;0520027X
1829;0520028Y
1830;0530011Z
1831;0530016E
1832;0530816Z
1833;0530934C
1834;0540034U
1835;0540041B
1836;0540044E
1837;0540135D
1838;0541318P
1839;0542295B
1840;0550049E
1841;0560013K
1842;0560026Z
1843;0561454B
1844;0561641E
1845;0561687E
1846;0570023R
1847;0570085H
1848;0570087K
1849;0570094T
1850;0570146Z
1851;0570313F
1852;0572590F
1853;0572757M
1854;0580758J
1855;0590010R
1856;0590072H
1857;0590083V
1858;0590192N
1859;0590214M
1860;0590223X
1861;0590255G
1862;0592921E
1863;0592926K
1864;0592967E
1865;0593030Y
1866;0595657D
1867;0595867G
1868;0595884A
1869;0596039U
1870;0600001A
1871;0600009J
1872;0600014P
1873;0600015R
1874;0601149Y
1875;0601824G
1876;0601895J
1877;0610006A
1878;0611148S
1879;0620040G
1880;0620056Z
1881;0620093P
1882;0622257S
1883;0622807P
1884;0623276Z
1885;0623279C
1886;0624140N
1887;0630068G
1888;0630095L
1889;0630984C
1890;0631068U
1891;0631075B
1892;0631162W
1893;0631225P
1894;0631480S
1895;0631669X
1896;0640011P
1897;0640052J
1898;0640131V
1899;0640220S
1900;0641732K
1901;0641846J
1902;0660011D
1903;0660014G
1904;0660586D
1905;0670071N
1906;0670079X
1907;0670086E
1908;0670089H
1909;0671685T
1910;0671779V
1911;0671832C
1912;0672616E
1913;0680003J
1914;0680008P
1915;0680032R
1916;0681222J
1917;0681839E
1918;0690027E
1919;0690035N
1920;0690042W
1921;0690097F
1922;0690103M
1923;0690104N
1924;0690132U
1925;0690571W
1926;0690631L
1927;0690634P
1928;0691644M
1929;0691875N
1930;0692800U
1931;0693504J
1932;0693654X
1933;0694060N
1934;0710012C
1935;0711068A
1936;0711249X
1937;0720017C
1938;0720083Z
1939;0721009F
1940;0730013T
1941;0730043A
1942;0740013M
1943;0740037N
1944;0740100G
1945;0740927F
1946;0741307U
1947;0750651A
1948;0750662M
1949;0750670W
1950;0750675B
1951;0750693W
1952;0750700D
1953;0751877H
1954;0751883P
1955;0942340H
1956;0753915Y
1957;0754025T
1958;0760058A
1959;0760072R
1960;0763214F
1961;0763422G
1962;0761735Y
1963;0762169V
1964;0770926N
1965;0770927P
1966;0770940D
1967;0770942F
1968;0771336J
1969;0772127U
1970;0772296C
1971;0772432A
1972;0780582J
1973;0781297L
1974;0781578S
1975;0781845G
1976;0782118D
1977;0783282U
1978;0783533S
1979;0790080H
1980;0790768F
1981;0791005N
1982;0801742J
1983;0801888T
1984;0810018E
1985;0810033W
1986;0810103X
1987;0830007G
1988;0830042V
1989;0830077H
1990;0831440P
1991;0831483L
1992;0840015K
1993;0840016L
1994;0840026X
1995;0840957J
1996;0850016F
1997;0850025R
1998;0850027T
1999;0850136L
2000;0850152D
2001;0860028N
2002;0860034V
2003;0861283C
2004;0870015U
2005;0870081R
2006;0870097H
2007;0875023M
2008;0880020U
2009;0880055G
2010;0880153N
2011;0881679X
2012;0881703Y
2013;0890003V
2014;0890005X
2015;0890070T
2016;0900002N
2017;0900246D
2018;0900385E
2019;0910687C
2020;0910843X
2021;0910923J
2022;0911346U
2023;0911492C
2024;0911577V
2025;0911632E
2026;0912414E
2027;0912128U
2028;0920135X
2029;0920138A
2030;0920141D
2031;0920799U
2032;0921156G
2033;0921166T
2034;0921245D
2035;0921935D
2036;0930123D
2037;0930126G
2038;0930127H
2039;0930834B
2040;0930863H
2041;0932046U
2042;0932047V
2043;0932086M
2044;0932121A
2045;0932291K
2046;0940113M
2047;0940116R
2048;0940118T
2049;0940119U
2050;0940123Y
2051;0940126B
2052;0940141T
2053;0940609B
2054;0940878U
2055;0941018W
2056;0941355M
2057;0941470M
2058;0950667J
2059;0951722F
2060;0951727L
2061;0951979K
2062;0951763A
2063;0951787B
2064;0951985S
2065;0951998F
2066;1290007A
2067;1350710G
2068;1770930T
2069;6200190M
2070;9710418C
2071;9710774P
2072;9710882G
2073;9710884J
2074;9711032V
2075;9711066G
2076;9711082Z
2077;9720350Y
2078;9720725F
2079;9720843J
2080;9730108E
2081;9730196A
2082;9730235T
2083;9740078S
2084;9740082W
2085;9740952S
2086;9741050Y
2087;9741087N
2088;9741182S
2089;9741185V
2090;9741324W
2091;9840277D
2092;9840391C
2093;0741444T
2094;0470974D
2095;0211530Z
2096;0922464D
2097;0133516B
2098;0592607N
2099;0340061G
2100;0560070X
2101;0290013G
2102;0130064Z
2103;0320002D
2104;0910630R
2105;0080007P
2106;0510037N
2107;0922707T
2108;0580661D
2109;0880099E
2110;9840339W
2111;0560180S
2112;0632033T
2113;0881452A
2114;0292185T
2115;0351878B
2116;0750785W
2117;0860037Y
2118;0922276Z
2119;0220107X
2120;0400139J
2121;0640096G
2122;0624440P
2123;0352767T
2124;0570108H
2125;9711033W
2126;0230602E
2127;9711052S
2128;0382203N
2129;0371470X
2130;9730423X
2131;0801328J
2132;0623864N
2133;0460529A
2134;0580753D
2135;9710067W
2136;0090018W
2137;0610724F
2138;0130003H
2139;0680010S
2140;9840160B
2141;0500036T
2142;0311190A
2143;0130235K
2144;0590337W
2145;0312686B
2146;9730408F
2147;0120938E
2148;0310147S
2149;0460697H
2150;0921229L
2151;9720779P
2152;0292335F
2153;0942269F
2154;0451067R
2155;0650058K
2156;0650038N
2157;0180005H
2158;0241137F
2159;0352349N
2160;0300112E
2161;0130201Y
2162;0590125R
2163;9741628B
2164;0251872M
2165;0450750W
2166;0220019B
2167;9760270P
2168;0601823F
2169;0311145B
2170;0350807M
2171;0490068H
2172;0240007C
2173;0400019D
2174;0470004Z
2175;0710018J
2176;0511574J
2177;0332292M
2178;0761942Y
2179;0721484X
2180;0590215N
2181;0593077Z
2182;0341385W
2183;0570279U
2184;0211579C
2185;9760125G
2186;0090006H
2187;0590093F
2188;0260017C
2189;9840267T
2190;0620229M
2191;0931799A
2192;0672602P
2193;0791103V
2194;0510065U
2195;0690276A
2196;0060023T
2197;0370053G
2198;0860823C
2199;0330159U
2200;0210071N
2201;9740911X
2202;0540098N
2203;9710047Z
2204;0540032S
2205;0350783L
2206;0920802X
2207;0911828T
2208;0922427N
2209;0310056T
2210;0180860M
2211;0030858S
2212;0940137N
2213;0750502N
2214;9740015Y
2215;0450786K
2216;0783720V
2217;0932019P
2218;0133305X
2219;0133425C
2220;0753026G
2221;0921984G
2222;0951569P
2223;0132932S
2224;0721317R
2225;0721410S
2226;0912155Y
2227;0831025N
2228;0831059A
2229;0601962G
2230;0711455W
2231;0890984L
2232;0141689K
2233;0610994Z
2234;6200053N
2235;7200092M
2236;0390987L
2237;0071302C
2238;0741331V
2239;9740839U
2240;0595254R
2241;0593203L
2242;0623139A
2243;0190765D
2244;0010060K
2245;0692526W
2246;0341549Z
2247;0541774K
2248;0572694U
2249;0881511P
2250;0440105A
2251;0171327A
2252;0171499M
2253;0511571F
2254;0421613A
2255;0421822C
2256;0672336A
2257;0672338C
2258;0121235C
2259;0650792H
2260;0811002Z
2261;0281009V
2262;0371197A
2263;0410820U
2264;0771986R
2265;0753035S
2266;0921979B
2267;0781629X
2268;0783390L
2269;0921981D
2270;9730144U
2271;0221469C
2272;0351890P
2273;0561311W
2274;0291542U
2275;0741624N
2276;0623903F
2277;0860058W
2278;0630110C
2279;9720791C
2280;0783192W
2281;0753147N
2282;0390812W
2283;0840005Z
2284;0641459N
2285;0330018R
2286;0070029U
2287;0752304X
2288;0220075M
2289;0220117H
2290;0490054T
2291;0440256P
2292;0492342E
2293;0831141P
2294;9760363R
2295;0762735K
2296;0511926S
2297;0351914R
2298;0573389Z
2299;0911784V
2300;0770924L
2301;0010099C
2302;0720825F
2303;0061496U
2304;0110942P
2305;0690712Z
2306;0450848C
2307;0570309B
2308;0672684D
2309;0762380Z
2310;0693818A
2311;0624488S
2312;0624489T
2313;0561767S
2314;0080039Z
2315;0130058T
2316;0830025B
2317;0951710T
2318;0020051V
2319;0922443F
2320;0292369T
2321;0691696U
2322;0597009Y
2323;0673064S
2324;0451662M
2325;0442292C
2326;0802184P
2327;0602176P
2328;0022185P
2329;0750787Y
2330;0720079V
2331;0261429M
2332;0921988L
2333;0762640G
2334;0311098A
2335;0851682S
2336;9710746J
2337;0772688D
2338;9720920T
2339;0451304Y
2340;0510036M
2341;0310052N
2342;0352317D
2343;0595876S
2344;0310133B
2345;0942144V
2346;0561890A
2347;0561891B
2348;0802177G
2349;0911568K
2350;0623633M
2351;0870041X
2352;0212250G
2353;0333363B
2354;0341547X
2355;0581000X
2356;0595653Z
2357;0753044B
2358;0351602B
2359;0441555B
2360;0340137P
2361;0310156B
2362;0060656F
2363;0755672H
2364;0754032A
2365;0440106B
2366;0693178E
2367;0141432F
2368;0831448Y
2369;0333326L
2370;0061770S
2371;0311527S
2372;0753324F
2373;0061690E
2374;0783752E
2375;0875076V
2376;0922563L
2377;0942500G
2378;0131484T
2379;0830081M
2380;0875098U
2381;0134248X
2382;0671860H
2383;0541669W
2384;0060807V
2385;0631382K
2386;0756036D
2387;0542455A
2388;0711494N
2389;0870730W
2390;0700018P
2391;0900355X
2392;0060028Y
2393;0252006V
2394;0132133Y
2395;0132276D
2396;0271070S
2397;9730010Y
2398;0912417H
2399;0101059X
2400;0081153K
2401;0596971G
2402;0352337A
2403;0600071B
2404;0101139J
2405;9760229V
2406;0312745R
2407;0542161F
2408;0690660T
2409;0340994W
2410;0342129E
2411;0951281B
2412;0440035Z
2413;0134385W
2414;0490075R
2415;0531040T
2416;0762049P
2417;0860039A
2418;0212022J
2419;0763381M
2420;0952261S
2421;0772737G
2422;0061642C
2423;0141161L
2424;0753947H
2425;0810005R
2426;0921365J
2427;0920801W
2428;0350776D
2429;0750657G
2430;0671609K
2431;0333201A
2432;0593202K
2433;0660832W
2434;0171427J
2435;0756289D
2436;0922973G
2437;3500067W
2438;0590346F
2439;9710062R
2440;0370035M
2441;0750252S
2442;0070031W
2443;0870058R
2444;0260006R
2445;0783640H
2446;0760166T
2447;0741437K
2448;0850028U
2449;0130006L
2450;0470782V
2451;0592973L
2452;0711322B
2453;0682052L
2454;0693735K
2455;0520939N
2456;0292173E
2457;0592758C
2458;0910755B
2459;0530863A
2460;0134386X
2461;0623820R
2462;0600002B
2463;0597005U
2464;0650029D
2465;0820883P
2466;0593060F
2467;0673163Z
2468;0401100D
2469;0831229K
2470;9740097M
2471;0301630J
2472;0261560E
2473;0142423H
2474;0342503L
2475;0800063J
2476;0750588G
2477;0311324W
2478;0101131A
2479;0492466P
2480;0641923T
2481;9740910W
2482;0690543R
2483;0790767E
2484;0212182H
2485;0640099K
2486;0922252Y
2487;0031032F
2488;0312283N
2489;0622107D
2490;7200118R
2491;0470019R
2492;0512185Y
2493;0560039N
2494;0721692Y
2495;0931779D
2496;0951798N
2497;0371211R
2498;0572075W
2499;0270018Y
2500;0752376A
2501;0830661T
2502;0595877T
2503;0690003D
2504;0022042J
2505;0130038W
2506;0690048C
2507;0521131X
2508;0551086G
2509;0673168E
2510;0694253Y
2511;0313022S
2512;0922653J
2513;0602214F
2514;0820904M
2515;0333557M
2516;0371610Z
2517;0422026Z
2518;0442409E
2519;0540130Y
2520;0542307P
2521;0754400A
2522;0911986P
2523;0101060Y
2524;0900424X
2525;0350097R
2526;0690192J
2527;0875082B
2528;0753559L
2529;0721553X
2530;0942095S
2531;0641846C
2532;0811293I
2533;0010013J
2534;0011276G
2535;0020087J
2536;0022044L
2537;0030094L
2538;0031043T
2539;0040027H
2540;0040490L
2541;0040533H
2542;0060026W
2543;0070004S
2544;0071351F
2545;0080027L
2546;0100735V
2547;0110670U
2548;0110982H
2549;0120031U
2550;0120936C
2551;0121291N
2552;0121298W
2553;0130001F
2554;0130010R
2555;0130043B
2556;0130057S
2557;0130161E
2558;0130175V
2559;0131341M
2560;0131549N
2561;0131681G
2562;0141418R
2563;0150030B
2564;0150037J
2565;0150746E
2566;0160002R
2567;0170029P
2568;0170060Y
2569;0170393K
2570;0180035R
2571;0180585N
2572;0180887S
2573;0190038N
2574;0190083M
2575;0190612M
2576;0210006T
2577;0210017E
2578;0212015B
2579;0212045J
2580;0220018A
2581;0221031B
2582;0221673Z
2583;0230051F
2584;0251202W
2585;0251263M
2586;0251477V
2587;0260019E
2588;0271579V
2589;0280015P
2590;0280021W
2591;0280706R
2592;0290022S
2593;0290076A
2594;0290171D
2595;0290340M
2596;0310017A
2597;0310032S
2598;0311586F
2599;0312093G
2600;0312290W
2601;0331424U
2602;0331495W
2603;0331501C
2604;0331760J
2605;0331863W
2606;0332282B
2607;0332722E
2608;0332744D
2609;0340045P
2610;0340059E
2611;0340991T
2612;0341898D
2613;0342023P
2614;0350026N
2615;0350777E
2616;0370036N
2617;0370040T
2618;0381817U
2619;0390810U
2620;0400934Y
2621;0410002E
2622;0410978R
2623;0420976H
2624;0421021G
2625;0430020N
2626;0430065M
2627;0430953C
2628;0440033X
2629;0440113J
2630;0440163N
2631;0440254M
2632;0440282T
2633;0440355X
2634;0450062Y
2635;0450107X
2636;0451462V
2637;0451535Z
2638;0470038L
2639;0470884F
2640;0480502K
2641;0500016W
2642;0500026G
2643;0500120J
2644;0510068X
2645;0530049R
2646;0530818B
2647;0541286E
2648;0542390E
2649;0561534N
2650;0561627P
2651;0561698S
2652;0570021N
2653;0570029X
2654;0570098X
2655;0570099Y
2656;0570112M
2657;0572027U
2658;0580014A
2659;0590060V
2660;0590110Z
2661;0590207E
2662;0590233H
2663;0592916Z
2664;0593006X
2665;0593058D
2666;0593109J
2667;0595885B
2668;0624429C
2669;0596854E
2670;0600013N
2671;0600020W
2672;0600040T
2673;0601701Y
2674;0601864A
2675;0601865B
2676;0610001V
2677;0610021S
2678;0611149T
2679;0620113L
2680;0624062D
2681;0631033F
2682;0640130U
2683;0641478J
2684;0641779L
2685;0641823J
2686;0650005C
2687;0660924W
2688;0672534R
2689;0672689J
2690;0680007N
2691;0680016Y
2692;0680073K
2693;0690184A
2694;0692517L
2695;0693044J
2696;0693565A
2697;0700827U
2698;0701048J
2699;0701078S
2700;0710026T
2701;0710054Y
2702;0711755X
2703;0720010V
2704;0720822C
2705;0721478R
2706;0721548S
2707;0730005J
2708;0730037U
2709;0731198F
2710;0740003B
2711;0740027C
2712;0740047Z
2713;0740283F
2714;0750652B
2715;0750664P
2716;0750668U
2717;0750676C
2718;0750679F
2719;0750695Y
2720;0750703G
2721;0750705J
2722;0754037F
2723;0754924V
2724;0760076V
2725;0760095R
2726;0760109F
2727;0760164R
2728;0761341V
2729;0761710W
2730;0761721H
2731;0761742F
2732;0762601P
2733;0771238C
2734;0771512A
2735;0771763Y
2736;0780004F
2737;0780015T
2738;0781023N
2739;0781839A
2740;0912413D
2741;0782132U
2742;0783455G
2743;0790024X
2744;0790029C
2745;0800001S
2746;0810023K
2747;0810833R
2748;0811106M
2749;0830100H
2750;0831453D
2751;0831646N
2752;0840110N
2753;0840607D
2754;0850068M
2755;0850133H
2756;0850144V
2757;0850151C
2758;0851252Z
2759;0851473P
2760;0860009T
2761;0860021F
2762;0860718N
2763;0881664F
2764;0910623H
2765;0910676R
2766;0911913K
2767;0912364A
2768;0911990U
2769;0912251C
2770;0920894X
2771;0920904H
2772;0922277A
2773;0922398G
2774;0922472M
2775;0922573X
2776;0930116W
2777;0930833A
2778;0931613Y
2779;0931797Y
2780;0932120Z
2781;0940121W
2782;0940742W
2783;0941301D
2784;0941407U
2785;0941474S
2786;0950648N
2787;0951147F
2788;9711046K
2789;9720501M
2790;9720825P
2791;9741103F
2792;9741230U
2793;9741256X
2794;0891309P
2795;0121367W
2796;0333273D
2797;0595996X
2798;0133658F
2799;0760088H
2800;0590249A
2801;7200680B
2802;0311092U
2803;0330069W
2804;0070021K
2805;9720726G
2806;9720430K
2807;0601164P
2808;0781069N
2809;0772519V
2810;0180572Z
2811;0451037H
2812;0301376H
2813;0382170C
2814;0681967U
2815;0333203C
2816;0380134P
2817;0755308M
2818;0280665W
2819;0370054H
2820;0120022J
2821;0010006B
2822;0630061Z
2823;0050005D
2824;0560027A
2825;0382031B
2826;0761356L
2827;0131485U
2828;0320557G
2829;0290127F
2830;0490828J
2831;0300083C
2832;0251872Z
2833;0932221J
2834;0801946F
2835;9740921H
2836;0351858E
2837;0861168C
2838;0781631Z
2839;0341543T
2840;0132972K
2841;0911786X
2842;0631540G
2843;0142326C
2844;0802119U
2845;0220064A
2846;9840471P
2847;0330119A
2848;0630041C
2849;0761343X
2850;0760087G
2851;0690105P
2852;0020079A
2853;0930133P
2854;0060022S
2855;9740575G
2856;0601910A
2857;0134003F
2858;0921625S
2859;0752846L
2860;0130189K
2861;0492087C
2862;0570124A
2863;0331548D
2864;0640080P
2865;9840341Y
2866;0400004M
2867;0831187P
2868;0212195Z
2869;0590348H
2870;0951820M
2871;0951568N
2872;0951988V
2873;0050566N
2874;0132943D
2875;0132963A
2876;0491679J
2877;0931809L
2878;0931810M
2879;0932324W
2880;0061292X
2881;0061493R
2882;0831060B
2883;0021890U
2884;0801774U
2885;0211473M
2886;0580650S
2887;0711385V
2888;0890985M
2889;0141721V
2890;0501528P
2891;0030877M
2892;0030878N
2893;0030946M
2894;0700983N
2895;0261160V
2896;0383190L
2897;0731230R
2898;9740831K
2899;0594898D
2900;0595252N
2901;0595790Y
2902;0623844S
2903;0870866U
2904;0692525V
2905;0110815B
2906;0301234D
2907;0301237G
2908;0341335S
2909;0572981F
2910;0881510N
2911;0754903X
2912;0921980C
2913;0080918E
2914;0511572G
2915;0520867K
2916;0672341F
2917;0672337B
2918;0672339D
2919;0672981B
2920;0681688R
2921;0320598B
2922;0281011X
2923;0360689D
2924;0371347N
2925;0771987S
2926;0753019Z
2927;0781627V
2928;0781626U
2929;0291756B
2930;0470009E
2931;0352373P
2932;0560085N
2933;0932014J
2934;0693820C
2935;0753602H
2936;0371471Y
2937;9740004L
2938;0512070Y
2939;0332425G
2940;0941975L
2941;0880013L
2942;0755020Z
2943;0501840D
2944;9760316P
2945;0341699M
2946;0561895F
2947;0030947N
2948;0790090U
2949;0142081L
2950;0382541F
2951;0596147L
2952;0671555B
2953;0597097U
2954;9730514W
2955;0596146K
2956;0942113L
2957;0642008K
2958;0332984P
2959;0312020C
2960;0762969P
2961;0620027T
2962;0593199G
2963;9711279N
2964;0931800B
2965;0753017X
2966;0141857T
2967;0922116A
2968;9760338N
2969;0020022N
2970;0690542P
2971;1340045W
2972;0690173N
2973;0694280C
2974;0350730D
2975;0333454A
2976;0352048L
2977;0593106F
2978;0755331M
2979;0783718T
2980;0694388V
2981;0753636V
2982;0180048E
2983;0540136E
2984;0641848L
2985;0593654B
2986;0590350K
2987;0332818J
2988;0511933Z
2989;0783754G
2990;0755637V
2991;0342299P
2992;0690670D
2993;0753470P
2994;0031125G
2995;0271677B
2996;0133424B
2997;0350077U
2998;0132193N
2999;0251288P
3000;0593584A
3001;0831559U
3002;0660951A
3003;1320020E
3004;1340044V
3005;0912415F
3006;0881400U
3007;0142440B
3008;0781948U
3009;0080028M
3010;0755931P
3011;0070114L
3012;0021906L
3013;0694413X
3014;0682079R
3015;9720727H
3016;0410031L
3017;0261277X
3018;0801911T
3019;0912411B
3020;9741596S
3021;0632086A
3022;0030025L
3023;0710011B
3024;9840002E
3025;0920919Z
3026;0010014K
3027;0922663V
3028;0870748R
3029;0790928E
3030;0062271L
3031;0755956S
3032;0512131P
3033;0400018C
3034;0352967K
3035;0640013S
3036;0100744E
3037;0022049S
3038;9710709U
3039;0451442Y
3040;0763460Y
3041;0491941U
3042;0694457V
3043;0762920L
3044;0941952L
3045;0870066Z
3046;0313057E
3047;0450104U
3048;0840082H
3049;0921500F
3050;0772342C
3051;0930135S
3052;0620162P
3053;0754493B
3054;0601223D
3055;0442718R
3056;0134249Y
3057;0230008J
3058;6200737G
3059;0592807F
3060;0442896J
3061;0593256U
3062;9730513V
3063;0171238D
3064;0221624W
3065;0332434S
3066;0332992Y
3067;0694426L
3068;0301435X
3069;0031041R
3070;0840039L
3071;0560016N
3072;0060015J
3073;0312355S
3074;0952259P
3075;0292301U
3076;0542186H
3077;0492046H
3078;0756304V
3079;0313092T
3080;0110857X
3081;0121520M
3082;0313093U
3083;0631981L
3084;0071441D
3085;0581017R
3086;0312390E
3087;0133682G
3088;0542259M
3089;0593500E
3090;0315550I
3091;0261459V
3092;0597131F
3093;0383384X
3094;0680099N
3095;0762378X
3096;0660524L
3097;0330201P
3098;0010059J
3099;0020031Y
3100;0021476U
3101;0021998L
3102;0022022M
3103;0030888Z
3104;0040010P
3105;0040522W
3106;0060013G
3107;0070064G
3108;0110022P
3109;0120012Y
3110;0130236L
3111;0132495S
3112;0133396W
3113;0141991N
3114;0142084P
3115;0142257C
3116;0150747F
3117;0160119T
3118;0161002C
3119;0170042D
3120;0180024D
3121;0190027B
3122;0221571N
3123;0250001R
3124;0260765R
3125;0261067U
3126;0261097B
3127;0261265J
3128;0271016H
3129;0271580W
3130;0271585B
3131;0290062K
3132;0290159R
3133;0290336H
3134;0291751W
3135;0291790N
3136;0311133N
3137;0330196J
3138;0331502D
3139;0331683A
3140;0332192D
3141;0340023R
3142;0340871M
3143;0342073U
3144;0350778F
3145;0350918H
3146;0380008C
3147;0390027T
3148;0390809T
3149;0410030K
3150;0410899E
3151;0420014M
3152;0420034J
3153;0420044V
3154;0421020F
3155;0421078U
3156;0421614B
3157;0430113P
3158;0440104Z
3159;0440149Y
3160;0442674T
3161;0441972E
3162;0451483T
3163;0460010L
3164;0470823P
3165;0480514Y
3166;0490040C
3167;0490824E
3168;0500127S
3169;0501299R
3170;0501928Z
3171;0511678X
3172;0520679F
3173;0530010Y
3174;0542288U
3175;0542293Z
3176;0550072E
3177;0561463L
3178;0560114V
3179;0561607T
3180;0573231C
3181;0573320Z
3182;0573366Z
3183;0573519R
3184;0590112B
3185;0590149S
3186;0590222W
3187;0590282L
3188;0592932S
3189;0593078A
3190;0595616J
3191;0601782L
3192;0610018N
3193;0611175W
3194;0620070P
3195;0620108F
3196;0622110G
3197;0624055W
3198;0624109E
3199;0630034V
3200;0641547J
3201;0650048Z
3202;0670005S
3203;0670078W
3204;0680015X
3205;0681817F
3206;0690085T
3207;0690279D
3208;0700958L
3209;0711067Z
3210;0711729U
3211;0720021G
3212;0720837U
3213;0721493G
3214;0740092Y
3215;0740098E
3216;0750653C
3217;0750669V
3218;0750683K
3219;0750714U
3220;0751871B
3221;0752426E
3222;0753890W
3223;0754015G
3224;0754476H
3225;0754540C
3226;0755437C
3227;0760023M
3228;0760093N
3229;0762911B
3230;0762976X
3231;0770943G
3232;0771200L
3233;0771663P
3234;0772228D
3235;0772243V
3236;0772348J
3237;0772448T
3238;0780515L
3239;0782587N
3240;0790023W
3241;0800007Y
3242;0800046R
3243;0801720K
3244;0801841S
3245;0810079W
3246;0820559M
3247;0830059N
3248;0831563Y
3249;0850032Y
3250;0861145C
3251;0880101G
3252;0881705A
3253;0891168L
3254;0891199V
3255;0910625K
3256;0911937L
3257;0912163G
3258;0921399W
3259;0931565W
3260;0931584S
3261;0932026X
3262;0932326Y
3263;0940743X
3264;0941413A
3265;0941918Z
3266;0950640E
3267;0950651S
3268;0950759J
3269;0951399E
3270;0951811C
3271;7200009X
3272;9720091S
3273;9720429J
3274;9720515C
3275;9720616M
3276;9730364H
3277;9740738J
3278;9740787M
3279;9741173G
3280;9741233X
3281;9741270M
3282;0352771X
3283;0492189N
3284;0754318L
3285;0380272Z
3286;9730279R
3287;9720719Z
3288;0783672T
3289;0750330B
3290;0440279P
3291;0594658T
3292;0451565G
3293;0030905T
3294;0951974E
3295;0920680P
3296;0920163C
3297;0332380H
3298;0932618R
3299;0320051G
3300;0811175M
3301;0340992U
3302;0011170S
3303;0596951K
3304;0881717N
3305;9740471U
3306;0660004W
3307;9720771F
3308;9730308X
3309;0480023P
3310;0930831Y
3311;9740479C
3312;0930129K
3313;0860818X
3314;0141904U
3315;0502009M
3316;0280925D
3317;0350709F
3318;6200043C
3319;0131436R
3320;0671602C
3321;0300109F
3322;0593040J
3323;0951994B
3324;0800080C
3325;0631457S
3326;0020014E
3327;0220122N
3328;0860029P
3329;0421788R
3330;0640181Z
3331;0090660U
3332;0701045F
3333;0310054R
3334;0150599V
3335;0820044C
3336;9741051Z
3337;0330003Z
3338;0753043A
3339;0762687H
3340;0590340Z
3341;0383073J
3342;0550004F
3343;0920150N
3344;0750783U
3345;0342090M
3346;0660856X
3347;0590015W
3348;0101022G
3349;0741532N
3350;0601845E
3351;0690010L
3352;0160036C
3353;0840935K
3354;0782602E
3355;0261397C
3356;0210032W
3357;0750802P
3358;0790031E
3359;0451526P
3360;9741052A
3361;9720063L
3362;0010034G
3363;0040464H
3364;0132933T
3365;0132939Z
3366;0530735L
3367;0721409R
3368;0721658L
3369;0931806H
3370;0753030L
3371;0911728J
3372;0921986J
3373;9760461X
3374;0061899G
3375;0022017G
3376;0601749A
3377;0801773T
3378;0211481W
3379;0711456X
3380;0430827R
3381;0631541H
3382;0741330U
3383;0595788W
3384;0595521F
3385;0623138Z
3386;0594895A
3387;0623134V
3388;0623135W
3389;0190763B
3390;0190764C
3391;0870873B
3392;0010989V
3393;0011160F
3394;0301369A
3395;0341334R
3396;0550842S
3397;0550928K
3398;0572589E
3399;0572695V
3400;0441772M
3401;0753028J
3402;0090559J
3403;0120920K
3404;0311810Z
3405;0281010W
3406;0360737F
3407;0371196Z
3408;0941776V
3409;0753021B
3410;0754785U
3411;0941772R
3412;0921987K
3413;0221753L
3414;0352087D
3415;0251554D
3416;0550003E
3417;9711143R
3418;0912255G
3419;0730039W
3420;0932319R
3421;0292319N
3422;0912394H
3423;0594893Y
3424;0332289J
3425;0332293N
3426;0332297T
3427;0470747G
3428;0470800P
3429;0641594K
3430;0331557N
3431;0131331B
3432;0880031F
3433;0480713P
3434;0560042S
3435;0261100E
3436;0596011N
3437;0160049S
3438;0851594W
3439;0312421N
3440;0140019V
3441;0931198X
3442;0931193S
3443;0693373S
3444;0130202Z
3445;0870757A
3446;0596149N
3447;0624065G
3448;0351603R
3449;0624490U
3450;0921595J
3451;0870876E
3452;0831750B
3453;0022184N
3454;0721704L
3455;0922455U
3456;0310033T
3457;0620190V
3458;0941773S
3459;0771988T
3460;0860080V
3461;0610995A
3462;0141856S
3463;0280944Z
3464;0134260K
3465;9720888H
3466;0520008B
3467;0951809A
3468;0134155W
3469;0681888H
3470;0750508V
3471;0310154Z
3472;0590343C
3473;0490076S
3474;0134164F
3475;0942085F
3476;0861113T
3477;0754783S
3478;0802117S
3479;0313087M
3480;0752824M
3481;0595793B
3482;9741605B
3483;0831756H
3484;0160790X
3485;0860902N
3486;9741086M
3487;0690197P
3488;0753547Y
3489;0333364C
3490;0420092X
3491;0352305R
3492;0133960J
3493;0171571R
3494;0611205D
3495;0341149P
3496;0801068B
3497;2260003A
3498;0410718H
3499;0521125R
3500;9720844K
3501;0921982E
3502;0690194L
3503;0951819L
3504;0752961L
3505;0573789J
3506;0600041U
3507;0601470X
3508;0141164P
3509;0931024H
3510;0383119J
3511;0380032D
3512;0782822U
3513;0171428K
3514;0596163D
3515;0721513D
3516;0940608A
3517;0134101M
3518;0922846U
3519;0212174Z
3520;0783778H
3521;0500065Z
3522;0753933T
3523;0382778N
3524;3500068X
3525;0381522Y
3526;0930974D
3527;0421601M
3528;0330076D
3529;0190008F
3530;0420996E
3531;0590344D
3532;0211356K
3533;0130062X
3534;0592610S
3535;0592963A
3536;0530931Z
3537;0682053M
3538;0597010Z
3539;0881587X
3540;0312765M
3541;0881780G
3542;0875102Y
3543;0132922F
3544;0150792E
3545;0070016E
3546;0911037H
3547;0921626T
3548;0921676X
3549;0741164N
3550;0755839P
3551;0491809A
3552;0421933Y
3553;0920158X
3554;0060907D
3555;0141599M
3556;0650028C
3557;9730526J
3558;0330026Z
3559;0593027V
3560;0130151U
3561;0442533P
3562;0442519Z
3563;0692390Y
3564;0691659D
3565;0161236G
3566;9741058G
3567;9740054C
3568;0451638L
3569;0760165S
3570;0754431J
3571;0760168V
3572;0210099U
3573;0721575W
3574;0922918X
3575;0680097L
3576;T942095R
3577;T942095S
3578;T171435T
3579;0510083N
3580;0010819K
3581;0020060E
3582;0021874B
3583;0031060L
3584;0031092W
3585;0040056P
3586;0050004C
3587;0060009C
3588;0060674A
3589;0060735S
3590;0061760F
3591;0071231A
3592;0080010T
3593;0100687T
3594;0100734U
3595;0110019L
3596;0120025M
3597;0130160D
3598;0131862D
3599;0132300E
3600;0133522H
3601;0142179T
3602;0150688S
3603;0160006V
3604;0160010Z
3605;0160862A
3606;0180006J
3607;0210003P
3608;0211135V
3609;0213333J
3610;0220102S
3611;0220196U
3612;0221589H
3613;0230002C
3614;0271107G
3615;0280036M
3616;0290156M
3617;0291574D
3618;0291842V
3619;0292047T
3620;0301433V
3621;0310041B
3622;0310150V
3623;0320633P
3624;0330169E
3625;0330203S
3626;0332081H
3627;0332758U
3628;0333109A
3629;0340039H
3630;0350769W
3631;0350791V
3632;0351947B
3633;0352512R
3634;0360017Y
3635;0371532P
3636;0380141X
3637;0381666E
3638;0382920T
3639;0383121L
3640;0390012B
3641;0400017B
3642;0420018S
3643;0420040R
3644;0430947W
3645;0440063E
3646;0440154D
3647;0460490H
3648;0470001W
3649;0470029B
3650;0480007X
3651;0480635E
3652;0490890B
3653;0500049G
3654;0501234V
3655;0501677B
3656;0501735P
3657;0501839C
3658;0510032H
3659;0510038P
3660;0520685M
3661;0530004S
3662;0530048P
3663;0530081A
3664;0560200N
3665;0590102Q
3666;0590117G
3667;0590311T
3668;0595124Z
3669;0596244S
3670;0601831P
3671;0601832R
3672;0620140R
3673;0623786D
3674;0623960T
3675;0630111D
3676;0631074A
3677;0631287G
3678;0641535W
3679;0641839B
3680;0670114K
3681;0670186N
3682;0673021E
3683;0680149T
3684;0681809X
3685;0681882B
3686;0690250X
3687;0692706S
3688;0692717D
3689;0693619J
3690;0721329D
3691;0730029K
3692;0741237T
3693;0750690T
3694;0754663L
3695;0762284V
3696;0762600N
3697;0771246L
3698;0772223Y
3699;0772230F
3700;0772551E
3701;0780412Z
3702;0790019S
3703;0820004J
3704;0820844X
3705;0830015R
3706;0830032J
3707;0831484M
3708;0850006V
3709;0850079Z
3710;0860755D
3711;0861223M
3712;0870017W
3713;0870590U
3714;0890008A
3715;0891041Y
3716;0911961M
3717;0920897A
3718;0932030B
3719;0932031C
3720;0941954N
3721;0950646L
3722;0951788C
3723;0951824S
3724;9710804X
3725;9740053P
3726;9741101D
3727;0261251U
3728;0332931G
3729;0590111A
3730;0870016V
3731;0640017W
3732;0870671G
3733;0831014B
3734;0573430U
3735;9710090W
3736;0820016X
3737;0370888P
3738;0500119H
3739;9710055H
3740;0820884R
3741;0211217J
3742;0320023B
3743;0810003N
3744;0220071H
3745;0560105K
3746;0630054S
3747;0720003M
3748;0261069W
3749;0820001F
3750;0300106C
3751;0352446U
3752;0050007F
3753;0230019W
3754;0131433M
3755;0332781U
3756;0313001U
3757;0442658A
3758;7200093N
3759;0062015H
3760;0920170K
3761;0440074S
3762;0622801H
3763;0590098L
3764;0592611T
3765;0595770B
3766;0762602R
3767;0111043Z
3768;0772496V
3769;0350031U
3770;0700882D
3771;0791029P
3772;0573627H
3773;0951567M
3774;0132820V
3775;0050567P
3776;0132927L
3777;0132931R
3778;0132937X
3779;0132940A
3780;0840855Y
3781;0931808K
3782;0932323V
3783;0911783U
3784;0061213L
3785;0061492P
3786;0021887R
3787;0601748Z
3788;0801955R
3789;0211599Z
3790;0711373G
3791;0501513Y
3792;0150634H
3793;0261161W
3794;0594900F
3795;0595009Z
3796;0623845T
3797;0382665R
3798;0480653Z
3799;0660570L
3800;0542526C
3801;0542018A
3802;0572697X
3803;0754902W
3804;0942070P
3805;0791018C
3806;0100852X
3807;0511570E
3808;0520953D
3809;0271476H
3810;0681687P
3811;0460580F
3812;0180809G
3813;0771984N
3814;0771985P
3815;0771989U
3816;0783389K
3817;0921983F
3818;9710773N
3819;9720583B
3820;0221599U
3821;0351599Y
3822;0561310V
3823;0291540S
3824;0611097L
3825;0600048B
3826;0351958N
3827;0312269Y
3828;0332436U
3829;0400830K
3830;0900362E
3831;0660922U
3832;0291107W
3833;0171432P
3834;0690047B
3835;0492148U
3836;0760145V
3837;0352025L
3838;0480682F
3839;0922728R
3840;0592757B
3841;0290078C
3842;0061987C
3843;0593206P
3844;9740552G
3845;9760462Y
3846;0622384E
3847;0142428N
3848;0161192J
3849;0341956S
3850;0062104E
3851;0951570R
3852;0753619B
3853;0740054G
3854;0580050P
3855;0790706N
3856;0750808W
3857;0670178E
3858;0341544U
3859;0753584N
3860;0753111Z
3861;0711734Z
3862;0060836B
3863;0753489K
3864;0080057U
3865;0930933J
3866;0333234L
3867;0170031S
3868;0050009H
3869;0900236T
3870;0781070P
3871;0672118N
3872;0595812X
3873;0780273Y
3874;0061561P
3875;0101117K
3876;0340012D
3877;0150008C
3878;0772277G
3879;0020052W
3880;0601870G
3881;0810100U
3882;7200753F
3883;0290023T
3884;0771880A
3885;0690193K
3886;0763069Y
3887;0642140D
3888;0900003P
3889;0142107P
3890;0451779P
3891;0451493D
3892;0783431F
3893;0783634B
3894;0130234J
3895;0371395R
3896;0801907N
3897;9840300D
3898;0592763H
3899;0221465Y
3900;0791055T
3901;0241328N
3902;0300064G
3903;0130157A
3904;0772294A
3905;0020078Z
3906;0011385A
3907;0331493U
3908;0421859T
3909;0851253A
3910;0442092K
3911;0750673Z
3912;0442959C
3913;0220186H
3914;0910628N
3915;0880023X
3916;0590216P
3917;0141192V
3918;0561910X
3919;0420078G
3920;0131434N
3921;0081164X
3922;0341588S
3923;0811376F
3924;0602215G
3925;0875109F
3926;9720468B
3927;0340138R
3928;0340194H
3929;0755753W
3930;0755975M
3931;0292350X
3932;0632035V
3933;0440984F
3934;7200742U
3935;0340139S
3936;0542457C
3937;0570155J
3938;0672734H
3939;0594375K
3940;0920674H
3941;3500192F
3942;0030098R
3943;0592602H
3944;0594366A
3945;0631021T
3946;0596950J
3947;0590037V
3948;0350068J
3949;0140018U
3950;0931738J
3951;0292363L
3952;0132319A
3953;0040011R
3954;0940145X
3955;0594581J
3956;0630023H
3957;0783323N
3958;0801558J
3959;0623328F
3960;0590270Y
3961;0131606A
3962;0130065A
3963;0570061G
3964;0100945Y
3965;0690125L
3966;0941953M
3967;0931739K
3968;0592976P
3969;3500066V
3970;0831765T
3971;0910756C
3972;0932118X
3973;0131445A
3974;0922874Z
3975;0680106W
3976;0511956Z
3977;9741246L
3978;0521128U
3979;0382859B
3980;0680074L
3981;0590266U
3982;0130072H
3983;0930138V
3984;0690129R
3985;0780492L
3986;0593015G
3987;0061852F
3988;0311874U
3989;0492147T
3990;0750682J
3991;9710981P
3992;0271895N
3993;0130172S
3994;0940143V
3995;0541921V
3996;0756053X
3997;0420077F
3998;0753034R
3999;0501934F
4000;0500101N
4001;0270029K
4002;0750648X
4003;6200694K
4004;0134029J
4005;0840041N
4006;0130071G
4007;0790964U
4008;0831911T
4009;0060931E
4010;0383493R
4011;0490811R
4012;0593279U
4013;0641688M
4014;0290092T
4015;0622192W
4016;0870707W
4017;1090025K
4018;0772502B
4019;0931654T
4020;0490005P
4021;0720034W
4022;0490801E
4023;0781983G
4024;0312550D
4025;0312344E
4026;0641919N
4027;0690535G
4028;0951623Y
4029;0350787R
4030;0595874P
4031;0831605U
4032;0430024T
4033;0680159D
4034;0540061Y
4035;0595338G
4036;0371376V
4037;0490067G
4038;0421022H
4039;0440259T
4040;0420982P
4041;9840480Z
4042;0560096A
4043;0171552V
4044;0771941S
4045;9710083N
4046;0030061A
4047;0952139J
4048;9740833M
4049;0941604H
4050;0672852L
4051;0730032N
4052;0400802E
4053;0912408Y
4054;0782593V
4055;0752887F
4056;0311192C
4057;0312060W
4058;0781997X
4059;0642004F
4060;0670081Z
4061;0672996T
4062;0670129B
4063;0312951P
4064;0920674A
4065;0753472A
4066;0131842G
4067;0132123M
4068;0751721N
4069;0751723R
4070;0911101C
4071;0951793H
4072;9840023C
4073;9840407V
4074;0851465F
4075;0811144D
4076;0921432G
4077;9711022J
4078;0761349D
4079;0596406T
4080;0941869W
4081;9730328U
4082;0311731N
4083;0642029H
4084;0081045T
4085;0593036E
4086;0753607N
4087;0810995S
4088;0900334Z
4089;0560053D
4090;0783447Y
4091;0753472C
4092;0920674Q
4093;0753472B
4094;0550008K
4095;0781981S
4096;0912161E
4097;1100002E
4098;0540015Y
4099;0541783V
4100;0840042P
4101;9711012Y
4102;0251079M
4103;0290127V
4104;0031122D
4105;0380010E
4106;0572028V
4107;0290102D
4108;identifiant obsolte
4109;0840046U
4110;056CPS02
4111;029CPS01
4112;0512044V
4113;038CPS01
4114;090CPS01
4115;037CPS01
4116;034CPS02
4117;T601223M
4118;0673030E
4119;0922717D
4120;0131685L
4121;0750713T
4122;0133195C
4123;0500027H
4124;0290200K
4125;0210012Z
4126;0590314W
4127;0595760R
4128;025CPS01
4129;075CPS01
4130;077CPS01
4131;0100674H
4132;0597020K
4133;0596696H
4134;0573683U
4135;0442273G
4136;0150760V
4137;0710112L
4138;0133303V
4139;0840939P
4140;035CPS02
4141;0133784T
4142;0922621Z
4143;0711384U
4144;0800061G
4145;0741669M
4146;0781859X
4147;0741451A
4148;040CPS02
4149;034CPS01
4150;0062088M
4151;0490082Y
4152;0561408B
4153;0611182D
4154;0070002P
4155;0383072H
4156;0595992T
4157;0351603S
4158;087CPS01
4159;093CPS01
4160;045CPS01
4161;T694431J
4162;0080944H
4163;0622384L
4164;0710071S
4165;0540085Z
4166;0593495D
